omega_PVDF,phi_CB,eta (Pa·s)
0.01,0.0320345,5.335747463044939
0.01,0.033636225,5.628354296415185
0.01,0.035237950000000004,5.9236794143204445
0.01,0.036839675,6.222064664089177
0.01,0.0384414,6.524593002796169
0.01,0.040043125000000006,6.83192710775871
0.01,0.041644850000000004,7.145601922966665
0.01,0.043246575,7.46818876462842
0.01,0.0448483,7.802984070619359
0.01,0.046450025,8.15440796767794
0.01,0.048051750000000004,8.531736059913703
0.01,0.049653475,8.941583158860162
0.01,0.0512552,9.395016357881339
0.01,0.052856925,9.89688650311691
0.01,0.05445865,10.453929905278978
0.01,0.056060374999999996,10.63890350936484
0.01,0.0576621,10.608523377194594
0.01,0.059263825,10.579078938794748
0.01,0.060865550000000004,10.550517226965741
0.01,0.06246727500000001,10.522789569036329
0.01,0.064069,10.495851138878038
0.01,0.065670725,10.469660565548518
0.01,0.06727245,10.444179590214434
0.01,0.068874175,10.41937276440303
0.01,0.07047590000000001,10.395207183768864
0.01,0.072077625,10.371652252492117
0.01,0.07367935,10.34867947418893
0.01,0.075281075,10.326262265844864
0.01,0.0768828,10.304375791805438
0.01,0.07848452500000001,10.282996815293028
0.01,0.08008625000000001,10.262103565283404
0.01,0.08168797500000001,10.241675616880563
0.01,0.08328970000000001,10.221693783585888
0.01,0.084891425,10.202140020075078
0.01,0.08649315,10.182997334280882
0.01,0.088094875,10.164249707736644
0.01,0.0896966,10.145882023269674
0.01,0.091298325,10.127879999248364
0.01,0.09290005,10.110230129685403
0.01,0.09450177500000001,10.092919629584454
0.01,0.09610350000000001,10.075936384990914
0.011,0.0320345,5.448794680495112
0.011,0.033636225,5.747683494034356
0.011,0.035237950000000004,6.049739509506927
0.011,0.036839675,6.355451101779409
0.011,0.0384414,6.6653473144001145
0.011,0.040043125000000006,6.9805735453175215
0.011,0.041644850000000004,7.303346194999087
0.011,0.043246575,7.635632767444022
0.011,0.0448483,7.981957902272581
0.011,0.046450025,8.346289670333661
0.011,0.048051750000000004,8.737366924082327
0.011,0.049653475,9.161487344843708
0.011,0.0512552,9.629373540788738
0.011,0.052856925,10.145317315051065
0.011,0.05445865,10.714523371744145
0.011,0.056060374999999996,11.281682813294232
0.011,0.0576621,11.249175783262533
0.011,0.059263825,11.21767526909256
0.011,0.060865550000000004,11.187124136477637
0.011,0.06246727500000001,11.157469892131017
0.011,0.064069,11.128664198981424
0.011,0.065670725,11.100662452719547
0.011,0.06727245,11.07342341064169
0.011,0.068874175,11.046908865254343
0.011,0.07047590000000001,11.021083356337567
0.011,0.072077625,10.995913916173997
0.011,0.07367935,10.97136984347897
0.011,0.075281075,10.947422502251328
0.011,0.0768828,10.924045142331385
0.011,0.07848452500000001,10.901212738924643
0.011,0.08008625000000001,10.87890184874438
0.011,0.08168797500000001,10.857090480757314
0.011,0.08328970000000001,10.835757979795458
0.011,0.084891425,10.814884921532954
0.011,0.08649315,10.794453017526623
0.011,0.088094875,10.77444502918906
0.011,0.0896966,10.754844689708355
0.011,0.091298325,10.735636633052827
0.011,0.09290005,10.716806329305934
0.011,0.09450177500000001,10.698340025668452
0.011,0.09610350000000001,10.680224692544453
0.012,0.0320345,5.549256005118062
0.012,0.033636225,5.854539340663466
0.012,0.035237950000000004,6.162948528750636
0.012,0.036839675,6.47499767869255
0.012,0.0384414,6.792463206804276
0.012,0.040043125000000006,7.115601654370211
0.012,0.041644850000000004,7.4472982300564015
0.012,0.043246575,7.789833820499873
0.012,0.0448483,8.147466135044883
0.012,0.046450025,8.525285822321848
0.012,0.048051750000000004,8.930875905217322
0.012,0.049653475,9.371378452483693
0.012,0.0512552,9.854032218472952
0.012,0.052856925,10.385137984171216
0.012,0.05445865,10.967314255493907
0.012,0.056060374999999996,11.598933718138465
0.012,0.0576621,11.945800432204708
0.012,0.059263825,11.912413800918998
0.012,0.060865550000000004,11.880038382382237
0.012,0.06246727500000001,11.848618119325003
0.012,0.064069,11.81810140062353
0.012,0.065670725,11.788440607714763
0.012,0.06727245,11.759591717088128
0.012,0.068874175,11.73151395076612
0.012,0.07047590000000001,11.704169468011354
0.012,0.072077625,11.677523092581056
0.012,0.07367935,11.651542070739714
0.012,0.075281075,11.626195855975014
0.012,0.0768828,11.601455916970686
0.012,0.07848452500000001,11.577295565896558
0.012,0.08008625000000001,11.553689804499543
0.012,0.08168797500000001,11.530615185834487
0.012,0.08328970000000001,11.508049689773065
0.012,0.084891425,11.485972610681705
0.012,0.08649315,11.464364455874
0.012,0.088094875,11.443206853625494
0.012,0.0896966,11.422482469694474
0.012,0.091298325,11.402174931425675
0.012,0.09290005,11.382268758628342
0.012,0.09450177500000001,11.362749300518606
0.012,0.09610350000000001,11.343602678101197
0.013,0.0320345,5.655449207850045
0.013,0.033636225,5.966555581520353
0.013,0.035237950000000004,6.281642913471289
0.013,0.036839675,6.601107061980867
0.013,0.0384414,6.926168369742872
0.013,0.040043125000000006,7.258034063648355
0.013,0.041644850000000004,7.5989837379909195
0.013,0.043246575,7.95190419830496
0.013,0.0448483,8.321796249914927
0.013,0.046450025,8.712980878764814
0.013,0.048051750000000004,9.132864533472105
0.013,0.049653475,9.587590715734295
0.013,0.0512552,10.085115438419972
0.013,0.052856925,10.62993255496252
0.013,0.05445865,11.224734070665674
0.013,0.056060374999999996,11.867524869971925
0.013,0.0576621,12.559660249501295
0.013,0.059263825,12.723517322040122
0.013,0.060865550000000004,12.689293650575607
0.013,0.06246727500000001,12.656084360027034
0.013,0.064069,12.623834505066508
0.013,0.065670725,12.592493397848836
0.013,0.06727245,12.562014183604523
0.013,0.068874175,12.532353467519254
0.013,0.07047590000000001,12.503470985666825
0.013,0.072077625,12.475329313922227
0.013,0.07367935,12.447893609733661
0.013,0.075281075,12.421131382418082
0.013,0.0768828,12.395012288296007
0.013,0.07848452500000001,12.369507947523319
0.013,0.08008625000000001,12.344591779930616
0.013,0.08168797500000001,12.320238857560776
0.013,0.08328970000000001,12.296425771915173
0.013,0.084891425,12.27313051418955
0.013,0.08649315,12.250332367009658
0.013,0.088094875,12.228011806371915
0.013,0.0896966,12.206150412660802
0.013,0.091298325,12.184730789757129
0.013,0.09290005,12.163736491373772
0.013,0.09450177500000001,12.14315195386065
0.013,0.09610350000000001,12.122962434811798
0.014,0.0320345,5.752370196325655
0.014,0.033636225,6.070192669490093
0.014,0.035237950000000004,6.391367757655043
0.014,0.036839675,6.71769825772529
0.014,0.0384414,7.050670368421473
0.014,0.040043125000000006,7.39134684163059
0.014,0.041644850000000004,7.741750978632998
0.014,0.043246575,8.106002669434632
0.014,0.0448483,8.487422794146026
0.014,0.046450025,8.892469460197912
0.014,0.048051750000000004,9.326149289499313
0.014,0.049653475,9.796583446124856
0.014,0.0512552,10.309867988983545
0.014,0.052856925,10.868834244067232
0.014,0.05445865,11.476857154215026
0.014,0.056060374999999996,12.13290324363183
0.014,0.0576621,12.836531840077555
0.014,0.059263825,13.583748122176363
0.014,0.060865550000000004,13.580009990881988
0.014,0.06246727500000001,13.545142593984378
0.014,0.064069,13.511286957334727
0.014,0.065670725,13.478389505141797
0.014,0.06727245,13.446400719390644
0.014,0.068874175,13.41527474438788
0.014,0.07047590000000001,13.384969038040824
0.014,0.072077625,13.35544406342263
0.014,0.07367935,13.326663015187147
0.014,0.075281075,13.298591576231894
0.014,0.0768828,13.271197700699041
0.014,0.07848452500000001,13.244451419979985
0.014,0.08008625000000001,13.218324668869935
0.014,0.08168797500000001,13.19279112942238
0.014,0.08328970000000001,13.167826090393
0.014,0.084891425,13.143406320449534
0.014,0.08649315,13.119509953567581
0.014,0.088094875,13.096116385239162
0.014,0.0896966,13.073206178297658
0.014,0.091298325,13.050760977313875
0.014,0.09290005,13.028763430647775
0.014,0.09450177500000001,13.007197119352199
0.014,0.09610350000000001,12.986046492221313
0.015,0.0320345,5.85887653842939
0.015,0.033636225,6.182890978642885
0.015,0.035237950000000004,6.511603110257655
0.015,0.036839675,6.8456193227255975
0.015,0.0384414,7.186472634117106
0.015,0.040043125000000006,7.535715433339426
0.015,0.041644850000000004,7.896567771816548
0.015,0.043246575,8.271150870154866
0.015,0.0448483,8.665613289421554
0.015,0.046450025,9.08337073021931
0.015,0.048051750000000004,9.532446822605083
0.015,0.049653475,10.016923030468012
0.015,0.0512552,10.542905006448816
0.015,0.052856925,11.115693375109405
0.015,0.05445865,11.736004731034907
0.015,0.056060374999999996,12.40282391477432
0.015,0.0576621,13.116442882655086
0.015,0.059263825,13.876669468026254
0.015,0.060865550000000004,14.612960338162654
0.015,0.06246727500000001,14.576363694810766
0.015,0.064069,14.540833403042488
0.015,0.065670725,14.506312872408515
0.015,0.06727245,14.472749804902481
0.015,0.068874175,14.440095776172445
0.015,0.07047590000000001,14.408305866267533
0.015,0.072077625,14.3773383330803
0.015,0.07367935,14.347154322719252
0.015,0.075281075,14.317717611931535
0.015,0.0768828,14.288994378429749
0.015,0.07848452500000001,14.260952995587573
0.015,0.08008625000000001,14.23356384847904
0.015,0.08168797500000001,14.2067991686643
0.015,0.08328970000000001,14.180632885484911
0.015,0.084891425,14.155040491936248
0.015,0.08649315,14.129998923442514
0.015,0.088094875,14.10548644807946
0.015,0.0896966,14.081482566977208
0.015,0.091298325,14.057967923795747
0.015,0.09290005,14.034924222303495
0.015,0.09450177500000001,14.012334151207515
0.015,0.09610350000000001,13.990181315486392
0.016,0.0320345,5.959522247295706
0.016,0.033636225,6.289788353237165
0.016,0.035237950000000004,6.624727781272105
0.016,0.036839675,6.966602155562211
0.016,0.0384414,7.315597316924514
0.016,0.040043125000000006,7.674295548745254
0.016,0.041644850000000004,8.045108858785055
0.016,0.043246575,8.431220920433075
0.016,0.0448483,8.838128659884823
0.016,0.046450025,9.270153694804415
0.016,0.048051750000000004,9.73257758377127
0.016,0.049653475,10.23183842273662
0.016,0.0512552,10.772688944553773
0.016,0.052856925,11.358828708753169
0.016,0.05445865,11.99067120202442
0.016,0.056060374999999996,12.67042510993798
0.016,0.0576621,13.396769721671
0.016,0.059263825,14.167102675125317
0.016,0.060865550000000004,14.981742340279435
0.016,0.06246727500000001,15.711945257408715
0.016,0.064069,15.67484280227156
0.016,0.065670725,15.63879895445137
0.016,0.06727245,15.603758771470787
0.016,0.068874175,15.569671386120623
0.016,0.07047590000000001,15.53648961757651
0.016,0.072077625,15.504169627518973
0.016,0.07367935,15.47267061517546
0.016,0.075281075,15.441954546137596
0.016,0.0768828,15.411985910581373
0.016,0.07848452500000001,15.382731507162429
0.016,0.08008625000000001,15.354160249396903
0.016,0.08168797500000001,15.326242991789753
0.016,0.08328970000000001,15.29895237335257
0.016,0.084891425,15.272262676473932
0.016,0.08649315,15.246149699377538
0.016,0.088094875,15.220590640634883
0.016,0.0896966,15.195563994396618
0.016,0.091298325,15.171049455175966
0.016,0.09290005,15.147027831162372
0.016,0.09450177500000001,15.123480965168659
0.016,0.09610350000000001,15.100391662422584
0.017,0.0320345,6.05459281024245
0.017,0.033636225,6.391178017607877
0.017,0.035237950000000004,6.733262061979037
0.017,0.036839675,7.082513046255517
0.017,0.0384414,7.44005080070851
0.017,0.040043125000000006,7.807185657479313
0.017,0.041644850000000004,8.18902175350402
0.017,0.043246575,8.58664699466888
0.017,0.0448483,9.005804840236427
0.017,0.046450025,9.451710320898032
0.017,0.048051750000000004,9.928839476888369
0.017,0.049653475,10.442203838334942
0.017,0.0512552,10.997957703866243
0.017,0.052856925,11.597772164931872
0.017,0.05445865,12.24341739214004
0.017,0.056060374999999996,12.934312346690492
0.017,0.0576621,13.672455171840975
0.017,0.059263825,14.455179314075655
0.017,0.060865550000000004,15.282754701344741
0.017,0.06246727500000001,16.150750713364637
0.017,0.064069,16.92321921898213
0.017,0.065670725,16.885749884296896
0.017,0.06727245,16.849327838845188
0.017,0.068874175,16.81389989843853
0.017,0.07047590000000001,16.77941673838752
0.017,0.072077625,16.745832533108274
0.017,0.07367935,16.713104636552924
0.017,0.075281075,16.681193298062187
0.017,0.0768828,16.650061409051577
0.017,0.07848452500000001,16.61967427661933
0.017,0.08008625000000001,16.58999942072943
0.017,0.08168797500000001,16.56100639209701
0.017,0.08328970000000001,16.532666608302478
0.017,0.084891425,16.50495320599768
0.017,0.08649315,16.47784090735306
0.017,0.088094875,16.451305899137754
0.017,0.0896966,16.425325723031836
0.017,0.091298325,16.39987917594719
0.017,0.09290005,16.374946219285786
0.017,0.09450177500000001,16.3505078961951
0.017,0.09610350000000001,16.326546255993424
0.018,0.0320345,6.145489088000909
0.018,0.033636225,6.488570833461836
0.018,0.035237950000000004,6.8372890860310385
0.018,0.036839675,7.194223982417623
0.018,0.0384414,7.559766925710403
0.018,0.040043125000000006,7.93680691300263
0.018,0.041644850000000004,8.328508001390352
0.018,0.043246575,8.738109102300621
0.018,0.0448483,9.170737724484985
0.018,0.046450025,9.629075388931767
0.018,0.048051750000000004,10.121044387963812
0.018,0.049653475,10.650077849112778
0.018,0.0512552,11.220635198332312
0.018,0.052856925,11.83421769420959
0.018,0.05445865,12.492722690187408
0.018,0.056060374999999996,13.197101695093487
0.018,0.0576621,13.945949863288403
0.018,0.059263825,14.74178864207059
0.018,0.060865550000000004,15.579110731867667
0.018,0.06246727500000001,16.459891753797688
0.018,0.064069,17.3830095881061
0.018,0.065670725,18.256943949699153
0.018,0.06727245,18.21923321706687
0.018,0.068874175,18.182555471038267
0.018,0.07047590000000001,18.146859359623615
0.018,0.072077625,18.112097178470503
0.018,0.07367935,18.07822453740507
0.018,0.075281075,18.04520006396357
0.018,0.0768828,18.01298513911951
0.018,0.07848452500000001,17.981543661119115
0.018,0.08008625000000001,17.9508418339286
0.018,0.08168797500000001,17.920847977292443
0.018,0.08328970000000001,17.89153235581862
0.018,0.084891425,17.862867024859153
0.018,0.08649315,17.83482569125281
0.018,0.088094875,17.80738358725065
0.018,0.0896966,17.78051735616165
0.018,0.091298325,17.75420494844101
0.018,0.09290005,17.728425527102647
0.018,0.09450177500000001,17.7031593814743
0.018,0.09610350000000001,17.67838784843173
0.019,0.0320345,6.250210831055425
0.019,0.033636225,6.599453533623374
0.019,0.035237950000000004,6.955852816061391
0.019,0.036839675,7.320614899160174
0.019,0.0384414,7.695537368479837
0.019,0.040043125000000006,8.082744798846132
0.019,0.041644850000000004,8.484706957165532
0.019,0.043246575,8.906311193151787
0.019,0.0448483,9.350958541970378
0.019,0.046450025,9.82308234056713
0.019,0.048051750000000004,10.329226533643059
0.019,0.049653475,10.871604945699321
0.019,0.0512552,11.454199926171313
0.019,0.052856925,12.081274111014547
0.019,0.05445865,12.751343835321503
0.019,0.056060374999999996,13.46772462197686
0.019,0.0576621,14.229639769151863
0.019,0.059263825,15.034248697104289
0.019,0.060865550000000004,15.883817493448081
0.019,0.06246727500000001,16.776269977811737
0.019,0.064069,17.71120512698119
0.019,0.065670725,18.688260958801628
0.019,0.06727245,19.705575384363286
0.019,0.068874175,19.737718095408386
0.019,0.07047590000000001,19.70069035390221
0.019,0.072077625,19.664634729180847
0.019,0.07367935,19.629504931052324
0.019,0.075281075,19.595257820118935
0.019,0.0768828,19.561853131591317
0.019,0.07848452500000001,19.52925322849986
0.019,0.08008625000000001,19.497422880644415
0.019,0.08168797500000001,19.46632906614203
0.019,0.08328970000000001,19.435940792869204
0.019,0.084891425,19.406228937463574
0.019,0.08649315,19.377166099862848
0.019,0.088094875,19.348726471624165
0.019,0.0896966,19.320885716493958
0.019,0.091298325,19.2936208618922
0.019,0.09290005,19.26691020014131
0.019,0.09450177500000001,19.240733198413274
0.019,0.09610350000000001,19.21507041649194
0.02,0.0320345,6.351807179682762
0.02,0.033636225,6.708064052551342
0.02,0.035237950000000004,7.072412319619183
0.02,0.036839675,7.445311209376968
0.02,0.0384414,7.828993359632403
0.02,0.040043125000000006,8.225553136315172
0.02,0.041644850000000004,8.63861778485731
0.02,0.043246575,9.071739064071961
0.02,0.0448483,9.529356218945532
0.02,0.046450025,10.015514978341846
0.02,0.048051750000000004,10.533522665365245
0.02,0.049653475,11.090710262093499
0.02,0.0512552,11.68680690811231
0.02,0.052856925,12.326392419385193
0.02,0.05445865,13.009727741939303
0.02,0.056060374999999996,13.737010757250324
0.02,0.0576621,14.510143270145004
0.02,0.059263825,15.328980429862783
0.02,0.060865550000000004,16.189529566583758
0.02,0.06246727500000001,17.093102566964944
0.02,0.064069,18.038257686355347
0.02,0.065670725,19.02799691277588
0.02,0.06727245,20.059006130677624
0.02,0.068874175,21.129796381424107
0.02,0.07047590000000001,21.399506369928915
0.02,0.072077625,21.36222518491667
0.02,0.07367935,21.325904473057367
0.02,0.075281075,21.290499401344306
0.02,0.0768828,21.255968127816256
0.02,0.07848452500000001,21.222271544540888
0.02,0.08008625000000001,21.189373047422514
0.02,0.08168797500000001,21.15723832955941
0.02,0.08328970000000001,21.125835195331657
0.02,0.084891425,21.09513339278497
0.02,0.08649315,21.06510446220203
0.02,0.088094875,21.035721599030037
0.02,0.0896966,21.006959529569624
0.02,0.091298325,20.978794398032452
0.02,0.09290005,20.951203663748313
0.02,0.09450177500000001,20.92416600745207
0.02,0.09610350000000001,20.897661245709344
0.021,0.0320345,6.468296598558714
0.021,0.033636225,6.832196971075224
0.021,0.035237950000000004,7.2046023032304705
0.021,0.036839675,7.586434861655143
0.021,0.0384414,7.978963523973813
0.021,0.040043125000000006,8.386404977364835
0.021,0.041644850000000004,8.810025149340447
0.021,0.043246575,9.255002039706962
0.021,0.0448483,9.724676530123281
0.021,0.046450025,10.223305971906491
0.021,0.048051750000000004,10.754785537538416
0.021,0.049653475,11.323231524112993
0.021,0.0512552,11.933454223720133
0.021,0.052856925,12.584130505783754
0.021,0.05445865,13.278832870178213
0.021,0.056060374999999996,14.017903211954405
0.021,0.0576621,14.800841436925532
0.021,0.059263825,15.630726450387815
0.021,0.060865550000000004,16.50109242574989
0.021,0.06246727500000001,17.415745933055312
0.021,0.064069,18.37257765290219
0.021,0.065670725,19.37242406137148
0.021,0.06727245,20.41472539067116
0.021,0.068874175,21.498669174434507
0.021,0.07047590000000001,22.626566040600984
0.021,0.072077625,23.267929172336952
0.021,0.07367935,23.230272307543476
0.021,0.075281075,23.193567799744546
0.021,0.0768828,23.157772054833355
0.021,0.07848452500000001,23.122844330517253
0.021,0.08008625000000001,23.088746495999278
0.021,0.08168797500000001,23.05544281626241
0.021,0.08328970000000001,23.022899758009583
0.021,0.084891425,22.991085814714854
0.021,0.08649315,22.959971348582034
0.021,0.088094875,22.92952844749696
0.021,0.0896966,22.899730795306667
0.021,0.091298325,22.870553553970346
0.021,0.09290005,22.841973256308172
0.021,0.09450177500000001,22.81396770823036
0.021,0.09610350000000001,22.786515899463392
0.022,0.0320345,6.565900934401388
0.022,0.033636225,6.937143812703021
0.022,0.035237950000000004,7.316596607206849
0.022,0.036839675,7.706941260843148
0.022,0.0384414,8.109178269070798
0.022,0.040043125000000006,8.525809442614204
0.022,0.041644850000000004,8.96094458627822
0.022,0.043246575,9.417707916852516
0.022,0.0448483,9.90055034100333
0.022,0.046450025,10.412203951412938
0.022,0.048051750000000004,10.958058971488954
0.022,0.049653475,11.540449443129104
0.022,0.0512552,12.162297222909004
0.022,0.052856925,12.82700126894498
0.022,0.05445865,13.5347611398811
0.022,0.056060374999999996,14.286500260534394
0.022,0.0576621,15.080837804624748
0.022,0.059263825,15.921869782843357
0.022,0.060865550000000004,16.80482784692997
0.022,0.06246727500000001,17.731975872527645
0.022,0.064069,18.702279294586283
0.022,0.065670725,19.712266967827773
0.022,0.06727245,20.766746038256578
0.022,0.068874175,21.8665064753315
0.022,0.07047590000000001,23.00449150420244
0.022,0.072077625,24.1870698079385
0.022,0.07367935,25.245062027702637
0.022,0.075281075,25.207319347044876
0.022,0.0768828,25.17051401188101
0.022,0.07848452500000001,25.134603929182504
0.022,0.08008625000000001,25.09954970701458
0.022,0.08168797500000001,25.065314431231474
0.022,0.08328970000000001,25.031863464604314
0.022,0.084891425,24.999164265744447
0.022,0.08649315,24.967186225538207
0.022,0.088094875,24.935900519109857
0.022,0.0896966,24.905279971585603
0.022,0.091298325,24.875298936150898
0.022,0.09290005,24.8459331830812
0.022,0.09450177500000001,24.817159798588257
0.022,0.09610350000000001,24.78895709246349
0.023,0.0320345,6.679940766504105
0.023,0.033636225,7.058731229832897
0.023,0.035237950000000004,7.446562079036115
0.023,0.036839675,7.845224920508024
0.023,0.0384414,8.257169257828755
0.023,0.040043125000000006,8.684442130491666
0.023,0.041644850000000004,9.130347864353753
0.023,0.043246575,9.59913225787633
0.023,0.0448483,10.094082629086822
0.023,0.046450025,10.618220341434712
0.023,0.048051750000000004,11.176406087098282
0.023,0.049653475,11.772001688955397
0.023,0.0512552,12.407356432955885
0.023,0.052856925,13.083850556062629
0.023,0.05445865,13.802863223217186
0.023,0.056060374999999996,14.566352088714433
0.023,0.0576621,15.372533255852327
0.023,0.059263825,16.224255846079615
0.023,0.060865550000000004,17.119050003952946
0.023,0.06246727500000001,18.055070921149618
0.023,0.064069,19.037532469332508
0.023,0.065670725,20.060107643695
0.023,0.06727245,21.12794387740359
0.023,0.068874175,22.238421984821034
0.023,0.07047590000000001,23.389746089910748
0.023,0.072077625,24.581637443187848
0.023,0.07367935,25.821796426931456
0.023,0.075281075,27.098138873647382
0.023,0.0768828,27.410622125375422
0.023,0.07848452500000001,27.373579777022055
0.023,0.08008625000000001,27.337422902406647
0.023,0.08168797500000001,27.302113249176625
0.023,0.08328970000000001,27.267614926996306
0.023,0.084891425,27.233894219548983
0.023,0.08649315,27.200919414731676
0.023,0.088094875,27.16866065098103
0.023,0.0896966,27.137089777935156
0.023,0.091298325,27.106180229864382
0.023,0.09290005,27.07590691049926
0.023,0.09450177500000001,27.046246088052538
0.023,0.09610350000000001,27.017175299376813
0.024,0.0320345,6.793188106065391
0.024,0.033636225,7.179645724401301
0.024,0.035237950000000004,7.5755293618890605
0.024,0.036839675,7.9831196721941025
0.024,0.0384414,8.404940762648625
0.024,0.040043125000000006,8.842339062569042
0.024,0.041644850000000004,9.299794343903676
0.024,0.043246575,9.780696371978449
0.024,0.0448483,10.28672954557201
0.024,0.046450025,10.824465141856138
0.024,0.048051750000000004,11.395117481126029
0.024,0.049653475,12.002537531894683
0.024,0.0512552,12.650728502698438
0.024,0.052856925,13.339539416034862
0.024,0.05445865,14.07080804158972
0.024,0.056060374999999996,14.84569512894909
0.024,0.0576621,15.663169581137653
0.024,0.059263825,16.524664124102674
0.024,0.060865550000000004,17.43144256272189
0.024,0.06246727500000001,18.38027314657232
0.024,0.064069,19.37285884594484
0.024,0.065670725,20.41019616543649
0.024,0.06727245,21.487463495006306
0.024,0.068874175,22.61046200185319
0.024,0.07047590000000001,23.774843448997885
0.024,0.072077625,24.980364103197005
0.024,0.07367935,26.234399603651728
0.024,0.075281075,27.524887852322184
0.024,0.0768828,28.862367313220606
0.024,0.07848452500000001,29.79552956175834
0.024,0.08008625000000001,29.75831426526694
0.024,0.08168797500000001,29.72197350125979
0.024,0.08328970000000001,29.686470165148645
0.024,0.084891425,29.65176940227817
0.024,0.08649315,29.61783843205208
0.024,0.088094875,29.584646388777493
0.024,0.0896966,29.552164177366045
0.024,0.091298325,29.52036434226684
0.024,0.09290005,29.489220948209265
0.024,0.09450177500000001,29.458709471507987
0.024,0.09610350000000001,29.42880670083315
0.025,0.0320345,6.888320011942902
0.025,0.033636225,7.281828086834526
0.025,0.035237950000000004,7.685264884994938
0.025,0.036839675,8.101452576769063
0.025,0.0384414,8.532401636044098
0.025,0.040043125000000006,8.980623198717902
0.025,0.041644850000000004,9.449207376023011
0.025,0.043246575,9.94186322789212
0.025,0.0448483,10.46181812633503
0.025,0.046450025,11.012107424075912
0.025,0.048051750000000004,11.596672106189326
0.025,0.049653475,12.217721082664369
0.025,0.0512552,12.87875007055785
0.025,0.052856925,13.580495543752013
0.025,0.05445865,14.323960413614477
0.025,0.056060374999999996,15.112861147044766
0.025,0.0576621,15.94390596281611
0.025,0.059263825,16.816688622298457
0.025,0.060865550000000004,17.735719384219404
0.025,0.06246727500000001,18.69769485116869
0.025,0.064069,19.703558956412728
0.025,0.065670725,20.752439613555644
0.025,0.06727245,21.842439531779874
0.025,0.068874175,22.976784947826694
0.025,0.07047590000000001,24.15503322690056
0.025,0.072077625,25.373525479315084
0.025,0.07367935,26.63903375423284
0.025,0.075281075,27.94525982293857
0.025,0.0768828,29.297066971154557
0.025,0.07848452500000001,30.694971845357003
0.025,0.08008625000000001,32.13107185948602
0.025,0.08168797500000001,32.27813239241977
0.025,0.08328970000000001,32.24187314915888
0.025,0.084891425,32.20643585292256
0.025,0.08649315,32.17178688142277
0.025,0.088094875,32.13789457844764
0.025,0.0896966,32.10472910559236
0.025,0.091298325,32.072262307594315
0.025,0.09290005,32.040467589809744
0.025,0.09450177500000001,32.00931980654856
0.025,0.09610350000000001,31.978795159139054
0.026,0.0320345,7.018885434349155
0.026,0.033636225,7.42062612823644
0.026,0.035237950000000004,7.832984763160991
0.026,0.036839675,8.25827146614344
0.026,0.0384414,8.699549458445787
0.026,0.040043125000000006,9.158719629095344
0.026,0.041644850000000004,9.637822212200584
0.026,0.043246575,10.141752675455255
0.026,0.0448483,10.673534549125945
0.026,0.046450025,11.235942278457062
0.026,0.048051750000000004,11.832693378148676
0.026,0.049653475,12.46583593818299
0.026,0.0512552,13.137840018916409
0.026,0.052856925,13.851930240533777
0.026,0.05445865,14.607538182486888
0.026,0.056060374999999996,15.405218526392678
0.026,0.0576621,16.247647348812297
0.026,0.059263825,17.13168081381285
0.026,0.060865550000000004,18.062578268689656
0.026,0.06246727500000001,19.032267774317816
0.026,0.064069,20.05136434493939
0.026,0.065670725,21.109214884993072
0.026,0.06727245,22.21417175450925
0.026,0.068874175,23.3581855157197
0.026,0.07047590000000001,24.550252330175795
0.026,0.072077625,25.783851846702497
0.026,0.07367935,27.060297427435295
0.026,0.075281075,28.38319280091821
0.026,0.0768828,29.74551629848677
0.026,0.07848452500000001,31.156122955555794
0.026,0.08008625000000001,32.61199014804524
0.026,0.08168797500000001,34.10831375980729
0.026,0.08328970000000001,35.108844146263024
0.026,0.084891425,35.072305987810005
0.026,0.08649315,35.03658284202157
0.026,0.088094875,35.001641933294614
0.026,0.0896966,34.96745236997927
0.026,0.091298325,34.93398500470949
0.026,0.09290005,34.90121230733371
0.026,0.09450177500000001,34.86910824911344
0.026,0.09610350000000001,34.83764819701814
0.027,0.0320345,7.131581537214197
0.027,0.033636225,7.541349670930531
0.027,0.035237950000000004,7.962128355900661
0.027,0.036839675,8.396724709151313
0.027,0.0384414,8.847580314520403
0.027,0.040043125000000006,9.317003887977537
0.027,0.041644850000000004,9.80764508439281
0.027,0.043246575,10.323447618714741
0.027,0.0448483,10.86686554363707
0.027,0.046450025,11.441210759139171
0.027,0.048051750000000004,12.051491595605615
0.027,0.049653475,12.696442521607954
0.027,0.0512552,13.382047716932625
0.027,0.052856925,14.107443055669147
0.027,0.05445865,14.87444723907444
0.027,0.056060374999999996,15.686632274353816
0.027,0.0576621,16.540136569816067
0.027,0.059263825,17.436182360502055
0.027,0.060865550000000004,18.378354681842623
0.027,0.06246727500000001,19.362932066732892
0.027,0.064069,20.38957852111614
0.027,0.065670725,21.46015874245221
0.027,0.06727245,22.577126358002307
0.027,0.068874175,23.735920506719705
0.027,0.07047590000000001,24.938733391430898
0.027,0.072077625,26.18641886970591
0.027,0.07367935,27.476475057499652
0.027,0.075281075,28.811953013263246
0.027,0.0768828,30.191925714822954
0.027,0.07848452500000001,31.615441050931217
0.027,0.08008625000000001,33.08141726168932
0.027,0.08168797500000001,34.5977565374846
0.027,0.08328970000000001,36.155340465561096
0.027,0.084891425,37.76309264112301
0.027,0.08649315,38.0560016735609
0.027,0.088094875,38.02024435560094
0.027,0.0896966,37.985257958320624
0.027,0.091298325,37.951012532560256
0.027,0.09290005,37.917479792465976
0.027,0.09450177500000001,37.88463299630111
0.027,0.09610350000000001,37.85244683765516
0.028,0.0320345,7.24524282936392
0.028,0.033636225,7.66225925768152
0.028,0.035237950000000004,8.09207187830555
0.028,0.036839675,8.53549926433418
0.028,0.0384414,8.995925067961561
0.028,0.040043125000000006,9.476309584561724
0.028,0.041644850000000004,9.97758788632449
0.028,0.043246575,10.505027627633934
0.028,0.0448483,11.060913199100526
0.028,0.046450025,11.6483740329293
0.028,0.048051750000000004,12.27061473958233
0.028,0.049653475,12.929197576993728
0.028,0.0512552,13.627673778452714
0.028,0.052856925,14.366223926092411
0.028,0.05445865,15.145694089334162
0.028,0.056060374999999996,15.967985408306133
0.028,0.0576621,16.833468922755664
0.028,0.059263825,17.742808465382367
0.028,0.060865550000000004,18.69463010949356
0.028,0.06246727500000001,19.69170791935906
0.028,0.064069,20.731597218782024
0.028,0.065670725,21.817015970977
0.028,0.06727245,22.942443521610457
0.028,0.068874175,24.114365576436537
0.028,0.07047590000000001,25.32956194684469
0.028,0.072077625,26.593039169116906
0.028,0.07367935,27.893502136453666
0.028,0.075281075,29.24299788908486
0.028,0.0768828,30.635466635368065
0.028,0.07848452500000001,32.07635842912392
0.028,0.08008625000000001,33.55793889327678
0.028,0.08168797500000001,35.08672261999743
0.028,0.08328970000000001,36.66237119549728
0.028,0.084891425,38.283860964153774
0.028,0.08649315,39.949092246765716
0.028,0.088094875,41.25726235077535
0.028,0.0896966,41.22151647684945
0.028,0.091298325,41.18652959221022
0.028,0.09290005,41.15227268321354
0.028,0.09450177500000001,41.118718321551825
0.028,0.09610350000000001,41.085840552479524
0.029,0.0320345,7.3771510494865415
0.029,0.033636225,7.803073184044175
0.029,0.035237950000000004,8.240951339758109
0.029,0.036839675,8.69410787462562
0.029,0.0384414,9.164905091331917
0.029,0.040043125000000006,9.655369538668559
0.029,0.041644850000000004,10.168548553508689
0.029,0.043246575,10.708031621037913
0.029,0.0448483,11.275593693118404
0.029,0.046450025,11.875167944533727
0.029,0.048051750000000004,12.508185582123161
0.029,0.049653475,13.179396347049554
0.029,0.0512552,13.88884153300418
0.029,0.052856925,14.638890490923698
0.029,0.05445865,15.42965981369245
0.029,0.056060374999999996,16.26368652850847
0.029,0.0576621,17.140000279745795
0.029,0.059263825,18.05951839927119
0.029,0.060865550000000004,19.02457116128827
0.029,0.06246727500000001,20.032546948226184
0.029,0.064069,21.08461752729677
0.029,0.065670725,22.179356176622868
0.029,0.06727245,23.319052423233146
0.029,0.068874175,24.502401521667075
0.029,0.07047590000000001,25.732565062501784
0.029,0.072077625,27.007048813866497
0.029,0.07367935,28.322813628587205
0.029,0.075281075,29.681853600229672
0.029,0.0768828,31.091445465038348
0.029,0.07848452500000001,32.54173958802696
0.029,0.08008625000000001,34.0416618501758
0.029,0.08168797500000001,35.58709716185551
0.029,0.08328970000000001,37.17644801153964
0.029,0.084891425,38.812570644021086
0.029,0.08649315,40.493211480112684
0.029,0.088094875,42.22109718854008
0.029,0.0896966,43.99937825120486
0.029,0.091298325,44.706304752511485
0.029,0.09290005,44.671156381114024
0.029,0.09450177500000001,44.636730630309266
0.029,0.09610350000000001,44.603000767869865
0.03,0.0320345,7.49255026133464
0.03,0.033636225,7.925868750606875
0.03,0.035237950000000004,8.372965068478658
0.03,0.036839675,8.835043057537842
0.03,0.0384414,9.315422499178105
0.03,0.040043125000000006,9.816785356921427
0.03,0.041644850000000004,10.341307843414501
0.03,0.043246575,10.89221431393174
0.03,0.0448483,11.471952229632723
0.03,0.046450025,12.084351298641176
0.03,0.048051750000000004,12.730705408764269
0.03,0.049653475,13.41375359092017
0.03,0.0512552,14.135016028450426
0.03,0.052856925,14.89718441800807
0.03,0.05445865,15.702767500712596
0.03,0.056060374999999996,16.5483302900199
0.03,0.0576621,17.436389972711982
0.03,0.059263825,18.36885520699952
0.03,0.060865550000000004,19.346215143975915
0.03,0.06246727500000001,20.36616803403634
0.03,0.064069,21.430356592616516
0.03,0.065670725,22.537979263436878
0.03,0.06727245,23.689156796902214
0.03,0.068874175,24.88560239966927
0.03,0.07047590000000001,26.127572909805618
0.03,0.072077625,27.41215031208894
0.03,0.07367935,28.745559935741266
0.03,0.075281075,30.12168273472827
0.03,0.0768828,31.543931438287277
0.03,0.07848452500000001,33.011104204445985
0.03,0.08008625000000001,34.521569574781516
0.03,0.08168797500000001,36.081691979089925
0.03,0.08328970000000001,37.68632497539627
0.03,0.084891425,39.338062301321976
0.03,0.08649315,41.034390983111976
0.03,0.088094875,42.78398850505961
0.03,0.0896966,44.57709066258095
0.03,0.091298325,46.41433759864325
0.03,0.09290005,48.30436541768682
0.03,0.09450177500000001,48.33462734940303
0.03,0.09610350000000001,48.30026905711005
0.031,0.0320345,7.626465488568307
0.031,0.033636225,8.06879728302796
0.031,0.035237950000000004,8.524536576212773
0.031,0.036839675,8.997075643599945
0.031,0.0384414,9.487167211574326
0.031,0.040043125000000006,9.999325104095204
0.031,0.041644850000000004,10.53477676126969
0.031,0.043246575,11.096355402557363
0.031,0.0448483,11.68857707104579
0.031,0.046450025,12.312815759462506
0.031,0.048051750000000004,12.970593145840638
0.031,0.049653475,13.665443239810426
0.031,0.0512552,14.400500895177348
0.031,0.052856925,15.173970133706185
0.031,0.05445865,15.989042065360469
0.031,0.056060374999999996,16.845991287189243
0.031,0.0576621,17.74683399551631
0.031,0.059263825,18.692050722553326
0.031,0.060865550000000004,19.679319042985902
0.031,0.06246727500000001,20.709186499491082
0.031,0.064069,21.786089591059042
0.031,0.065670725,22.90594837065109
0.031,0.06727245,24.07171463415736
0.031,0.068874175,25.27957110837614
0.031,0.07047590000000001,26.53583278942867
0.031,0.072077625,27.834533534463855
0.031,0.07367935,29.17665711376857
0.031,0.075281075,30.56474893021018
0.031,0.0768828,32.00333641793851
0.031,0.07848452500000001,33.482339362883316
0.031,0.08008625000000001,35.00948917974507
0.031,0.08168797500000001,36.579663157265465
0.031,0.08328970000000001,38.203868249495265
0.031,0.084891425,39.871859979018424
0.031,0.08649315,41.58519460703892
0.031,0.088094875,43.345723574590906
0.031,0.0896966,45.15542561099777
0.031,0.091298325,47.01618365607516
0.031,0.09290005,48.92122704789903
0.031,0.09450177500000001,50.87808931757932
0.031,0.09610350000000001,52.299813375142804
0.032,0.0320345,7.744169299630574
0.032,0.033636225,8.1945137119256
0.032,0.035237950000000004,8.659038428512972
0.032,0.036839675,9.14048238241261
0.032,0.0384414,9.64076145805169
0.032,0.040043125000000006,10.163689465560198
0.032,0.041644850000000004,10.71018453757135
0.032,0.043246575,11.28384173259132
0.032,0.0448483,11.887855829215917
0.032,0.046450025,12.5244840586403
0.032,0.048051750000000004,13.194266660634652
0.032,0.049653475,13.90365393921383
0.032,0.0512552,14.649503881219834
0.032,0.052856925,15.435480547377734
0.032,0.05445865,16.26452601942374
0.032,0.056060374999999996,17.13404223612744
0.032,0.0576621,18.045809531099263
0.032,0.059263825,19.002936697017574
0.032,0.060865550000000004,20.004356319662193
0.032,0.06246727500000001,21.048557496965586
0.032,0.064069,22.13389340973231
0.032,0.065670725,23.269038540741818
0.032,0.06727245,24.4462410677071
0.032,0.068874175,25.666737414841883
0.032,0.07047590000000001,26.933852163351858
0.032,0.072077625,28.245329966725333
0.032,0.07367935,29.60306172397445
0.032,0.075281075,31.00525040012347
0.032,0.0768828,32.455584225211716
0.032,0.07848452500000001,33.95320770147629
0.032,0.08008625000000001,35.49677041063532
0.032,0.08168797500000001,37.08420071669687
0.032,0.08328970000000001,38.71700978231046
0.032,0.084891425,40.39726915232264
0.032,0.08649315,42.12754570991146
0.032,0.088094875,43.91079324268513
0.032,0.0896966,45.73668781391955
0.032,0.091298325,47.611963259356266
0.032,0.09290005,49.537222260567674
0.032,0.09450177500000001,51.5121732951018
0.032,0.09610350000000001,53.535204258411774
0.033,0.0320345,7.881419301232052
0.033,0.033636225,8.340379169113401
0.033,0.035237950000000004,8.814143329481274
0.033,0.036839675,9.304720976948015
0.033,0.0384414,9.81601383410675
0.033,0.040043125000000006,10.348678132313482
0.033,0.041644850000000004,10.906721997097337
0.033,0.043246575,11.49183734111519
0.033,0.0448483,12.108168483897739
0.033,0.046450025,12.756444253581371
0.033,0.048051750000000004,13.438477150328497
0.033,0.049653475,14.158890142075016
0.033,0.0512552,14.917753905536582
0.033,0.052856925,15.715612515114142
0.033,0.05445865,16.555132280563164
0.033,0.056060374999999996,17.43759644778994
0.033,0.0576621,18.361854399269397
0.033,0.059263825,19.32840876146942
0.033,0.060865550000000004,20.341707056067705
0.033,0.06246727500000001,21.398278390307823
0.033,0.064069,22.49710033652093
0.033,0.065670725,23.642567850064083
0.033,0.06727245,24.831442797802808
0.033,0.068874175,26.065793887824043
0.033,0.07047590000000001,27.346204397247693
0.033,0.072077625,28.670122532589833
0.033,0.07367935,30.04365337021553
0.033,0.075281075,31.460888728146454
0.033,0.0768828,32.91894421336527
0.033,0.07848452500000001,34.43384454088966
0.033,0.08008625000000001,35.98555569496655
0.033,0.08168797500000001,37.59293065054155
0.033,0.08328970000000001,39.238647554467015
0.033,0.084891425,40.93680844353814
0.033,0.08649315,42.68564830621688
0.033,0.088094875,44.48171592978393
0.033,0.0896966,46.31932531297054
0.033,0.091298325,48.218809644172424
0.033,0.09290005,50.16023330494278
0.033,0.09450177500000001,52.14901643380741
0.033,0.09610350000000001,54.19187478654588
0.034,0.0320345,8.02040837079771
0.034,0.033636225,8.487428753240309
0.034,0.035237950000000004,8.97098569902439
0.034,0.036839675,9.47205300379595
0.034,0.0384414,9.992866319301086
0.034,0.040043125000000006,10.53692992088555
0.034,0.041644850000000004,11.105551734140594
0.034,0.043246575,11.702045372739166
0.034,0.0448483,12.329218584983378
0.034,0.046450025,12.988851390342344
0.034,0.048051750000000004,13.68482555009892
0.034,0.049653475,14.416353880121335
0.034,0.0512552,15.187227069758901
0.034,0.052856925,15.99566706143522
0.034,0.05445865,16.84760123547301
0.034,0.056060374999999996,17.74158265295055
0.034,0.0576621,18.67887321665869
0.034,0.059263825,19.65840841933922
0.034,0.060865550000000004,20.68171630140932
0.034,0.06246727500000001,21.74806119306559
0.034,0.064069,22.86119013987323
0.034,0.065670725,24.017997107937695
0.034,0.06727245,25.21971363442682
0.034,0.068874175,26.469212296189255
0.034,0.07047590000000001,27.760740786228382
0.034,0.072077625,29.09827528188062
0.034,0.07367935,30.48419069694303
0.034,0.075281075,31.912063590539645
0.034,0.0768828,33.38990466899412
0.034,0.07848452500000001,34.91066258255697
0.034,0.08008625000000001,36.48541037252287
0.034,0.08168797500000001,38.10242308576277
0.034,0.08328970000000001,39.77064105922759
0.034,0.084891425,41.48335433504582
0.034,0.08649315,43.24112924940974
0.034,0.088094875,45.05035507905507
0.034,0.0896966,46.91296643013328
0.034,0.091298325,48.82356115894878
0.034,0.09290005,50.78129031264188
0.034,0.09450177500000001,52.7841296060891
0.034,0.09610350000000001,54.846733399423655
0.035,0.0320345,8.160891147720683
0.035,0.033636225,8.637052211230527
0.035,0.035237950000000004,9.129188302824321
0.035,0.036839675,9.640653045417713
0.035,0.0384414,10.171595879432314
0.035,0.040043125000000006,10.725999729131242
0.035,0.041644850000000004,11.305940976808568
0.035,0.043246575,11.91484589179886
0.035,0.0448483,12.552762537657053
0.035,0.046450025,13.225403702230015
0.035,0.048051750000000004,13.931782403994358
0.035,0.049653475,14.675360414894056
0.035,0.0512552,15.4570040615401
0.035,0.052856925,16.27913525655835
0.035,0.05445865,17.144181066607217
0.035,0.056060374999999996,18.048485542615015
0.035,0.0576621,18.997221383765446
0.035,0.059263825,19.987605346662757
0.035,0.060865550000000004,21.02465369576827
0.035,0.06246727500000001,22.105656242655726
0.035,0.064069,23.22848539735236
0.035,0.065670725,24.397876550757356
0.035,0.06727245,25.61104537590548
0.035,0.068874175,26.870509740987604
0.035,0.07047590000000001,28.177339928369452
0.035,0.072077625,29.52955653889914
0.035,0.07367935,30.924504549453967
0.035,0.075281075,32.368962184200356
0.035,0.0768828,33.8621099626117
0.035,0.07848452500000001,35.3962164246519
0.035,0.08008625000000001,36.98120082219997
0.035,0.08168797500000001,38.6160727013265
0.035,0.08328970000000001,40.29887808451275
0.035,0.084891425,42.026346778237574
0.035,0.08649315,43.80398961951174
0.035,0.088094875,45.627655217691235
0.035,0.0896966,47.5034773706472
0.035,0.091298325,49.43240580532019
0.035,0.09290005,51.40714005945125
0.035,0.09450177500000001,53.43307121386529
0.035,0.09610350000000001,55.50778047158321
0.036,0.0320345,8.304128365096686
0.036,0.033636225,8.788942608544072
0.036,0.035237950000000004,9.290285543931024
0.036,0.036839675,9.810709729349862
0.036,0.0384414,10.352447976653512
0.036,0.040043125000000006,10.918023587049591
0.036,0.041644850000000004,11.509263871723448
0.036,0.043246575,12.12929113806437
0.036,0.0448483,12.779165617986784
0.036,0.046450025,13.463133805322542
0.036,0.048051750000000004,14.181647711519496
0.036,0.049653475,14.93744537604928
0.036,0.0512552,15.731484295534294
0.036,0.052856925,16.56647205786615
0.036,0.05445865,17.441653159403256
0.036,0.056060374999999996,18.358692904880225
0.036,0.0576621,19.319689080087326
0.036,0.059263825,20.321963321608592
0.036,0.060865550000000004,21.37077318323174
0.036,0.06246727500000001,22.46372006583554
0.036,0.064069,23.596969421654855
0.036,0.065670725,24.779804040035323
0.036,0.06727245,26.005445784237537
0.036,0.068874175,27.279239704737847
0.036,0.07047590000000001,28.595907732583242
0.036,0.072077625,29.963778554307435
0.036,0.07367935,31.373481873375496
0.036,0.075281075,32.83115692636743
0.036,0.0768828,34.33525742691303
0.036,0.07848452500000001,35.889797430712555
0.036,0.08008625000000001,37.48668336912756
0.036,0.08168797500000001,39.137102654122145
0.036,0.08328970000000001,40.83159777213799
0.036,0.084891425,42.574831756727505
0.036,0.08649315,44.36805982911662
0.036,0.088094875,46.212461367950965
0.036,0.0896966,48.10273690688585
0.036,0.091298325,50.04432064986282
0.036,0.09290005,52.036650352122386
0.036,0.09450177500000001,54.07796988540561
0.036,0.09610350000000001,56.17365993502977
0.037,0.0320345,8.449308717900195
0.037,0.033636225,8.942726272094406
0.037,0.035237950000000004,9.453875931080377
0.037,0.036839675,9.983954096987583
0.037,0.0384414,10.536540675501666
0.037,0.040043125000000006,11.112305369037186
0.037,0.041644850000000004,11.714689971007868
0.037,0.043246575,12.345625359072146
0.037,0.0448483,13.007253756048355
0.037,0.046450025,13.70230629259905
0.037,0.048051750000000004,14.432768578220193
0.037,0.049653475,15.201837421347546
0.037,0.0512552,16.007024519771402
0.037,0.052856925,16.85492117309897
0.037,0.05445865,17.74034895817863
0.037,0.056060374999999996,18.670439934732016
0.037,0.0576621,19.644159325276107
0.037,0.059263825,20.658952728149387
0.037,0.060865550000000004,21.717053046072014
0.037,0.06246727500000001,22.82246998602841
0.037,0.064069,23.973254700317078
0.037,0.065670725,25.1663385978086
0.037,0.06727245,26.40295665296704
0.037,0.068874175,27.692149126003038
0.037,0.07047590000000001,29.019934984540306
0.037,0.072077625,30.400810855681755
0.037,0.07367935,31.821808540061607
0.037,0.075281075,33.29331953974751
0.037,0.0768828,34.8146813874177
0.037,0.07848452500000001,36.378447192363595
0.037,0.08008625000000001,37.99426229207147
0.037,0.08168797500000001,39.65722298975153
0.037,0.08328970000000001,41.368176749173514
0.037,0.084891425,43.128073205817714
0.037,0.08649315,44.937844656391206
0.037,0.088094875,46.79267882052264
0.037,0.0896966,48.70355065003146
0.037,0.091298325,50.658456636748596
0.037,0.09290005,52.66887888402268
0.037,0.09450177500000001,54.73407921423934
0.037,0.09610350000000001,56.84323855997913
0.038,0.0320345,8.5972045888138
0.038,0.033636225,9.099242670754494
0.038,0.035237950000000004,9.619519897023464
0.038,0.036839675,10.159912385901192
0.038,0.0384414,10.722396897953262
0.038,0.040043125000000006,11.30808193173819
0.038,0.041644850000000004,11.92249259824682
0.038,0.043246575,12.564128658172049
0.038,0.0448483,13.238880819144502
0.038,0.046450025,13.945029838006317
0.038,0.048051750000000004,14.68755175499801
0.038,0.049653475,15.467721797963524
0.038,0.0512552,16.285375319148567
0.038,0.052856925,17.144845868557358
0.038,0.05445865,18.044391418780407
0.038,0.056060374999999996,18.986266545244966
0.038,0.0576621,19.970999342786854
0.038,0.059263825,20.998923011459752
0.038,0.060865550000000004,22.070370824547837
0.038,0.06246727500000001,23.185939054403246
0.038,0.064069,24.346819542753835
0.038,0.065670725,25.555202833025987
0.038,0.06727245,26.806462801761118
0.038,0.068874175,28.106169458449777
0.038,0.07047590000000001,29.449381482491496
0.038,0.072077625,30.840623339777206
0.038,0.07367935,32.27835004336293
0.038,0.075281075,33.76528558829815
0.038,0.0768828,35.29456066153584
0.038,0.07848452500000001,36.87444785079332
0.038,0.08008625000000001,38.503669281025815
0.038,0.08168797500000001,40.17998801577031
0.038,0.08328970000000001,41.90815762113896
0.038,0.084891425,43.685517019225564
0.038,0.08649315,45.507691886401474
0.038,0.088094875,47.38453473604127
0.038,0.0896966,49.30536274888233
0.038,0.091298325,51.28069813289809
0.038,0.09290005,53.310217769381
0.038,0.09450177500000001,55.3846358843741
0.038,0.09610350000000001,57.51562159204811
0.039,0.0320345,8.765185355501274
0.039,0.033636225,9.276878089293753
0.039,0.035237950000000004,9.807337279544091
0.039,0.036839675,10.35754897732047
0.039,0.0384414,10.92996589122504
0.039,0.040043125000000006,11.526511439278213
0.039,0.041644850000000004,12.151752317460607
0.039,0.043246575,12.805216089520506
0.039,0.0448483,13.489979003861905
0.039,0.046450025,14.208752653911223
0.039,0.048051750000000004,14.96360782230429
0.039,0.049653475,15.753168990646646
0.039,0.0512552,16.584436390389435
0.039,0.052856925,17.45428665559044
0.039,0.05445865,18.365194691747032
0.039,0.056060374999999996,19.3180791580685
0.039,0.0576621,20.31361398263774
0.039,0.059263825,21.352370214407095
0.039,0.060865550000000004,22.438306566953027
0.039,0.06246727500000001,23.566353023890755
0.039,0.064069,24.736857026562365
0.039,0.065670725,25.95578822915935
0.039,0.06727245,27.221900315102037
0.039,0.068874175,28.53322193524592
0.039,0.07047590000000001,29.89043639058175
0.039,0.072077625,31.294971387072323
0.039,0.07367935,32.744866977170496
0.039,0.075281075,34.24225392535789
0.039,0.0768828,35.79049649851411
0.039,0.07848452500000001,37.38238226955955
0.039,0.08008625000000001,39.02727150708976
0.039,0.08168797500000001,40.716548655832796
0.039,0.08328970000000001,42.46182402122618
0.039,0.084891425,44.25252724613863
0.039,0.08649315,46.09264706916893
0.039,0.088094875,47.98211523463966
0.039,0.0896966,49.92027254669699
0.039,0.091298325,51.91843081053741
0.039,0.09290005,53.95635992523323
0.039,0.09450177500000001,56.050997590054415
0.039,0.09610350000000001,58.20012135219463
0.04,0.0320345,8.918193083279633
0.04,0.033636225,9.43908611365594
0.04,0.035237950000000004,9.977886800372497
0.04,0.036839675,10.538234249746386
0.04,0.0384414,11.121162735563434
0.04,0.040043125000000006,11.729490261169502
0.04,0.041644850000000004,12.364351554241996
0.04,0.043246575,13.02955399698922
0.04,0.0448483,13.725729290230731
0.04,0.046450025,14.457113635954855
0.04,0.048051750000000004,15.222976404629144
0.04,0.049653475,16.027287198532843
0.04,0.0512552,16.868940798679496
0.04,0.052856925,17.75093583142141
0.04,0.05445865,18.673097743113033
0.04,0.056060374999999996,19.63839369302488
0.04,0.0576621,20.645844208796554
0.04,0.059263825,21.698974004674216
0.04,0.060865550000000004,22.793230803263846
0.04,0.06246727500000001,23.936148135074962
0.04,0.064069,25.122758274488366
0.04,0.065670725,26.352318017350086
0.04,0.06727245,27.62959315695592
0.04,0.068874175,28.95308573512873
0.04,0.07047590000000001,30.324038267388243
0.04,0.072077625,31.740641757201125
0.04,0.07367935,33.20900291237755
0.04,0.075281075,34.71895065056843
0.04,0.0768828,36.28227051372243
0.04,0.07848452500000001,37.88663670770103
0.04,0.08008625000000001,39.54687720534045
0.04,0.08168797500000001,41.255285809739405
0.04,0.08328970000000001,43.008183402057284
0.04,0.084891425,44.81780818601579
0.04,0.08649315,46.67204447306503
0.04,0.088094875,48.57436301759701
0.04,0.0896966,50.53510497672916
0.04,0.091298325,52.54259037144258
0.04,0.09290005,54.60728193306782
0.04,0.09450177500000001,56.71286879160719
0.04,0.09610350000000001,58.876860169216
0.041,0.0320345,9.07334141956504
0.041,0.033636225,9.603330536631445
0.041,0.035237950000000004,10.151764148692399
0.041,0.036839675,10.721383124651469
0.041,0.0384414,11.314659540903568
0.041,0.040043125000000006,11.934593385235361
0.041,0.041644850000000004,12.581256822008584
0.041,0.043246575,13.25680827263805
0.041,0.0448483,13.965897013278683
0.041,0.046450025,14.708113737799732
0.041,0.048051750000000004,15.485923298624238
0.041,0.049653475,16.30135886589509
0.041,0.0512552,17.155854069124057
0.041,0.052856925,18.05005448977463
0.041,0.05445865,18.985540697953713
0.041,0.056060374999999996,19.963816505882388
0.041,0.0576621,20.983908368857396
0.041,0.059263825,22.046543599502865
0.041,0.060865550000000004,23.15599695383978
0.041,0.06246727500000001,24.307586000202065
0.041,0.064069,25.506548191922867
0.041,0.065670725,26.75163757380299
0.041,0.06727245,28.040835915233387
0.041,0.068874175,29.377383448049848
0.041,0.07047590000000001,30.76307118648745
0.041,0.072077625,32.19288695827319
0.041,0.07367935,33.672287621249986
0.041,0.075281075,35.20001052536295
0.041,0.0768828,36.77404405557567
0.041,0.07848452500000001,38.39732246376775
0.041,0.08008625000000001,40.06753581808419
0.041,0.08168797500000001,41.78835601331096
0.041,0.08328970000000001,43.564805722776754
0.041,0.084891425,45.38600069047146
0.041,0.08649315,47.255095805937756
0.041,0.088094875,49.17631380315145
0.041,0.0896966,51.15501186150606
0.041,0.091298325,53.17285485761942
0.041,0.09290005,55.25131163113154
0.041,0.09450177500000001,57.382460481051986
0.041,0.09610350000000001,59.56232274624057
0.042,0.0320345,9.250400311048265
0.042,0.033636225,9.78939701911063
0.042,0.035237950000000004,10.347873901394095
0.042,0.036839675,10.927903341307925
0.042,0.0384414,11.531847891071292
0.042,0.040043125000000006,12.161437403617365
0.042,0.041644850000000004,12.818595106032767
0.042,0.043246575,13.505717099744349
0.042,0.0448483,14.22616599739544
0.042,0.046450025,14.979256230493437
0.042,0.048051750000000004,15.769451432152005
0.042,0.049653475,16.59697084049535
0.042,0.0512552,17.463140847162126
0.042,0.052856925,18.368527143964187
0.042,0.05445865,19.314686803600058
0.042,0.056060374999999996,20.30314977381339
0.042,0.0576621,21.335564995393444
0.042,0.059263825,22.41389987271604
0.042,0.060865550000000004,23.534073400684864
0.042,0.06246727500000001,24.6968141670388
0.042,0.064069,25.907769737165548
0.042,0.065670725,27.166194206120597
0.042,0.06727245,28.470680151646096
0.042,0.068874175,29.819057726721514
0.042,0.07047590000000001,31.215115151270584
0.042,0.072077625,32.65719775351115
0.042,0.07367935,34.15142036163494
0.042,0.075281075,35.69257407189867
0.042,0.0768828,37.277991927950744
0.042,0.07848452500000001,38.915575331714
0.042,0.08008625000000001,40.603857843572534
0.042,0.08168797500000001,42.34026609916241
0.042,0.08328970000000001,44.128615019163064
0.042,0.084891425,45.96538446173349
0.042,0.08649315,47.85454500000108
0.042,0.088094875,49.79090368807581
0.042,0.0896966,51.777921170874066
0.042,0.091298325,53.819912556781645
0.042,0.09290005,55.90873455939396
0.042,0.09450177500000001,58.06141812951675
0.042,0.09610350000000001,60.261018333442436
0.043,0.0320345,9.411717055897341
0.043,0.033636225,9.959757098505369
0.043,0.035237950000000004,10.527771929306043
0.043,0.036839675,11.11774326093377
0.043,0.0384414,11.731903322977923
0.043,0.040043125000000006,12.371785187578089
0.043,0.041644850000000004,13.04038001980201
0.043,0.043246575,13.740351699466908
0.043,0.0448483,14.472014458953963
0.043,0.046450025,15.237601850209861
0.043,0.048051750000000004,16.038729558011095
0.043,0.049653475,16.878718019431773
0.043,0.0512552,17.755192614524677
0.043,0.052856925,18.672979768279365
0.043,0.05445865,19.632879970856216
0.043,0.056060374999999996,20.634937649925376
0.043,0.0576621,21.67829395205485
0.043,0.059263825,22.7668792334605
0.043,0.060865550000000004,23.89995295146513
0.043,0.06246727500000001,25.079694919668775
0.043,0.064069,26.30076541555661
0.043,0.065670725,27.574103245667825
0.043,0.06727245,28.889575170883774
0.043,0.068874175,30.249661526817277
0.043,0.07047590000000001,31.658596023060774
0.043,0.072077625,33.1190629876111
0.043,0.07367935,34.626338166574705
0.043,0.075281075,36.17791657240223
0.043,0.0768828,37.7807299860704
0.043,0.07848452500000001,39.433336845546506
0.043,0.08008625000000001,41.13329501834926
0.043,0.08168797500000001,42.88391053916847
0.043,0.08328970000000001,44.689660788337264
0.043,0.084891425,46.539349833968984
0.043,0.08649315,48.44462858088925
0.043,0.088094875,50.40112508735109
0.043,0.0896966,52.402004283251024
0.043,0.091298325,54.46153547470158
0.043,0.09290005,56.57246633858678
0.043,0.09450177500000001,58.738185442557096
0.043,0.09610350000000001,60.94703832321212
0.044,0.0320345,9.593951872782887
0.044,0.033636225,10.151471146885141
0.044,0.035237950000000004,10.729358926750896
0.044,0.036839675,11.329508611327682
0.044,0.0384414,11.955069194897623
0.044,0.040043125000000006,12.60547693662779
0.044,0.041644850000000004,13.285802087425006
0.044,0.043246575,13.995990826540568
0.044,0.0448483,14.73899261471142
0.044,0.046450025,15.515503782598824
0.044,0.048051750000000004,16.329230501018035
0.044,0.049653475,17.1790284913453
0.044,0.0512552,18.07032823835265
0.044,0.052856925,19.0000448634951
0.044,0.05445865,19.96963877926085
0.044,0.056060374999999996,20.98514413463044
0.044,0.0576621,22.03987099849041
0.044,0.059263825,23.139930587078673
0.044,0.060865550000000004,24.284828444227614
0.044,0.06246727500000001,25.477076387578357
0.044,0.064069,26.711751795779158
0.044,0.065670725,27.99548348333603
0.044,0.06727245,29.322359098129944
0.044,0.068874175,30.69840489787805
0.044,0.07047590000000001,32.119358280922945
0.044,0.072077625,33.59387323507075
0.044,0.07367935,35.109519417692276
0.044,0.075281075,36.680484095613444
0.044,0.0768828,38.29658806700398
0.044,0.07848452500000001,39.965520807776464
0.044,0.08008625000000001,41.67933745233473
0.044,0.08168797500000001,43.44722652055046
0.044,0.08328970000000001,45.25914176568679
0.044,0.084891425,47.12562887607576
0.044,0.08649315,49.05205961653243
0.044,0.088094875,51.01496626197571
0.044,0.0896966,53.04139172750061
0.044,0.091298325,55.1147604633683
0.044,0.09290005,57.24370626656099
0.044,0.09450177500000001,59.42536830935696
0.044,0.09610350000000001,61.65500458002058
0.045,0.0320345,9.762066728362573
0.045,0.033636225,10.32858406023818
0.045,0.035237950000000004,10.915908358090785
0.045,0.036839675,11.525829770433658
0.045,0.0384414,12.1613771600757
0.045,0.040043125000000006,12.822941668154913
0.045,0.041644850000000004,13.514546565066562
0.045,0.043246575,14.235871436972438
0.045,0.0448483,14.989620467735532
0.045,0.046450025,15.780254533673746
0.045,0.048051750000000004,16.60357373435037
0.045,0.049653475,17.466955838137835
0.045,0.0512552,18.368606664517927
0.045,0.052856925,19.3109617902117
0.045,0.05445865,20.29472192079904
0.045,0.056060374999999996,21.319907312718573
0.045,0.0576621,22.390926895503142
0.045,0.059263825,23.50227427148092
0.045,0.060865550000000004,24.661420485632718
0.045,0.06246727500000001,25.864753817320164
0.045,0.064069,27.11473117328162
0.045,0.065670725,28.410239953239753
0.045,0.06727245,29.74945147988212
0.045,0.068874175,31.141790677018182
0.045,0.07047590000000001,32.574382221701086
0.045,0.072077625,34.06167453895496
0.045,0.07367935,35.59177540035286
0.045,0.075281075,37.17473090986873
0.045,0.0768828,38.80470251261729
0.045,0.07848452500000001,40.48992805303349
0.045,0.08008625000000001,42.21692253555972
0.045,0.08168797500000001,44.00055538719781
0.045,0.08328970000000001,45.83154447748715
0.045,0.084891425,47.71279241932737
0.045,0.08649315,49.64809010691911
0.045,0.088094875,51.63226531094702
0.045,0.0896966,53.679167431209066
0.045,0.091298325,55.7659650695336
0.045,0.09290005,57.911759294380786
0.045,0.09450177500000001,60.10751206735486
0.045,0.09610350000000001,62.355099931091026
0.046,0.0320345,9.951280130934443
0.046,0.033636225,10.52723815925523
0.046,0.035237950000000004,11.124356910782598
0.046,0.036839675,11.745281517213774
0.046,0.0384414,12.39116922653308
0.046,0.040043125000000006,13.06306320958
0.046,0.041644850000000004,13.764839826349364
0.046,0.043246575,14.499101188061621
0.046,0.0448483,15.264215228847638
0.046,0.046450025,16.064867098452627
0.046,0.048051750000000004,16.902075335323502
0.046,0.049653475,17.775594189643098
0.046,0.0512552,18.689630301687576
0.046,0.052856925,19.644252416506024
0.046,0.05445865,20.64019106272442
0.046,0.056060374999999996,21.67754431630345
0.046,0.0576621,22.75827297236283
0.046,0.059263825,23.884869344001135
0.046,0.060865550000000004,25.053925071804432
0.046,0.06246727500000001,26.271034383948958
0.046,0.064069,27.531852620054558
0.046,0.065670725,28.83897526484959
0.046,0.06727245,30.19370381879823
0.046,0.068874175,31.59787896475165
0.046,0.07047590000000001,33.04733165984193
0.046,0.072077625,34.54320999978712
0.046,0.07367935,36.09149560882532
0.046,0.075281075,37.68698097116185
0.046,0.0768828,39.331962453474
0.046,0.07848452500000001,41.029664988139174
0.046,0.08008625000000001,42.77197263905444
0.046,0.08168797500000001,44.56750939169175
0.046,0.08328970000000001,46.41336375398403
0.046,0.084891425,48.313129530183986
0.046,0.08649315,50.26237612814615
0.046,0.088094875,52.264182048437014
0.046,0.0896966,54.32233004054238
0.046,0.091298325,56.42970684371239
0.046,0.09290005,58.588492088502775
0.046,0.09450177500000001,60.80112345368757
0.046,0.09610350000000001,63.07020505711818
0.047,0.0320345,10.12617301382089
0.047,0.033636225,10.71099501737776
0.047,0.035237950000000004,11.318201660765297
0.047,0.036839675,11.94874596500767
0.047,0.0384414,12.60437343668165
0.047,0.040043125000000006,13.28841510667398
0.047,0.041644850000000004,14.001309972972848
0.047,0.043246575,14.746558443733365
0.047,0.0448483,15.524061597877306
0.047,0.046450025,16.335887259153004
0.047,0.048051750000000004,17.183589404928323
0.047,0.049653475,18.070741635963458
0.047,0.0512552,18.998324125338325
0.047,0.052856925,19.962721567599637
0.047,0.05445865,20.973305866404086
0.047,0.056060374999999996,22.02319165261769
0.047,0.0576621,23.116145906617064
0.047,0.059263825,24.254714417960717
0.047,0.060865550000000004,25.438916289873156
0.047,0.06246727500000001,26.66440872436701
0.047,0.064069,27.941392658587162
0.047,0.065670725,29.261330558808147
0.047,0.06727245,30.62963426539948
0.047,0.068874175,32.04550966231255
0.047,0.07047590000000001,33.507546377472075
0.047,0.072077625,35.021046261934835
0.047,0.07367935,36.58126464164923
0.047,0.075281075,38.19475495517755
0.047,0.0768828,39.85055204424609
0.047,0.07848452500000001,41.560612136210736
0.047,0.08008625000000001,43.323559610664226
0.047,0.08168797500000001,45.13683778034528
0.047,0.08328970000000001,46.99638159290061
0.047,0.084891425,48.912499731656034
0.047,0.08649315,50.87255816726842
0.047,0.088094875,52.897274759941496
0.047,0.0896966,54.96192527915803
0.047,0.091298325,57.08920279944018
0.047,0.09290005,59.27229965297543
0.047,0.09450177500000001,61.500908034798364
0.047,0.09610350000000001,63.7897274519027
0.048,0.0320345,10.32159848410673
0.048,0.033636225,10.917187366610962
0.048,0.035237950000000004,11.533259659585177
0.048,0.036839675,12.174632335543794
0.048,0.0384414,12.841432164390158
0.048,0.040043125000000006,13.535647431114883
0.048,0.041644850000000004,14.259948058223255
0.048,0.043246575,15.014957658070223
0.048,0.0448483,15.80535018717545
0.048,0.046450025,16.628092869841353
0.048,0.048051750000000004,17.48867869353604
0.048,0.049653475,18.388790787564798
0.048,0.0512552,19.326212249067535
0.048,0.052856925,20.30321426891267
0.048,0.05445865,21.32446587753955
0.048,0.056060374999999996,22.386949590804203
0.048,0.0576621,23.492810908608174
0.048,0.059263825,24.644821106332206
0.048,0.060865550000000004,25.839898868335098
0.048,0.06246727500000001,27.080369437318826
0.048,0.064069,28.36533387639628
0.048,0.065670725,29.702810235406226
0.048,0.06727245,31.083136216402885
0.048,0.068874175,32.50936190247738
0.048,0.07047590000000001,33.986235157291325
0.048,0.072077625,35.5132143823063
0.048,0.07367935,37.089126654196576
0.048,0.075281075,38.7119978273626
0.048,0.0768828,40.38892315616884
0.048,0.07848452500000001,42.10766376783194
0.048,0.08008625000000001,43.88714121695291
0.048,0.08168797500000001,45.713761920286
0.048,0.08328970000000001,47.589684964644306
0.048,0.084891425,49.51777087778605
0.048,0.08649315,51.501629109506055
0.048,0.088094875,53.53607025794368
0.048,0.0896966,55.623747755577966
0.048,0.091298325,57.76778225518884
0.048,0.09290005,59.95941648521336
0.048,0.09450177500000001,62.21281235831488
0.048,0.09610350000000001,64.51032992073651
0.049,0.0320345,10.521499856315927
0.049,0.033636225,11.126401948189407
0.049,0.035237950000000004,11.752934660076283
0.049,0.036839675,12.404217906043582
0.049,0.0384414,13.081008233350675
0.049,0.040043125000000006,13.78644497948614
0.049,0.041644850000000004,14.522093542372646
0.049,0.043246575,15.28842938485597
0.049,0.0448483,16.090035790667315
0.049,0.046450025,16.925835214993512
0.049,0.048051750000000004,17.797183345557546
0.049,0.049653475,18.707531628557167
0.049,0.0512552,19.65769777143821
0.049,0.052856925,20.647522066599475
0.049,0.05445865,21.679704737086894
0.049,0.056060374999999996,22.75517272383286
0.049,0.0576621,23.874426363528368
0.049,0.059263825,25.03746846609744
0.049,0.060865550000000004,26.243725311699112
0.049,0.06246727500000001,27.499574962257128
0.049,0.064069,28.797264527876802
0.049,0.065670725,30.143769160832836
0.049,0.06727245,31.538878169905114
0.049,0.068874175,32.98187368314221
0.049,0.07047590000000001,34.471416860889974
0.049,0.072077625,36.0128028168144
0.049,0.07367935,37.59721665443945
0.049,0.075281075,39.23884069483396
0.049,0.0768828,40.928022491475936
0.049,0.07848452500000001,42.66134875486945
0.049,0.08008625000000001,44.45215996920157
0.049,0.08168797500000001,46.29252166440569
0.049,0.08328970000000001,48.18520035077041
0.049,0.084891425,50.13371657010279
0.049,0.08649315,52.13369315441529
0.049,0.088094875,54.17846431234187
0.049,0.0896966,56.289520593109074
0.049,0.091298325,58.439618272157134
0.049,0.09290005,60.651741410950294
0.049,0.09450177500000001,62.91714105028627
0.049,0.09610350000000001,65.23733819354868
0.05,0.0320345,10.724642875521623
0.05,0.033636225,11.338736180765272
0.05,0.035237950000000004,11.975611718174642
0.05,0.036839675,12.637651466215239
0.05,0.0384414,13.325518685768355
0.05,0.040043125000000006,14.040966556374396
0.05,0.041644850000000004,14.78791191967363
0.05,0.043246575,15.565523555734337
0.05,0.0448483,16.378300678983486
0.05,0.046450025,17.22498468786082
0.05,0.048051750000000004,18.10930479184248
0.05,0.049653475,19.03278437100114
0.05,0.0512552,19.992999905404726
0.05,0.052856925,20.99587092093316
0.05,0.05445865,22.041339420390262
0.05,0.056060374999999996,23.12809199543311
0.05,0.0576621,24.258549403758042
0.05,0.059263825,25.432841126401105
0.05,0.060865550000000004,26.653968563806867
0.05,0.06246727500000001,27.922196250182584
0.05,0.064069,29.233067535578176
0.05,0.065670725,30.59393486069748
0.05,0.06727245,31.99966340816903
0.05,0.068874175,33.45416325970952
0.05,0.07047590000000001,34.959828610256714
0.05,0.072077625,36.51246248187741
0.05,0.07367935,38.113780676843334
0.05,0.075281075,39.7661830094795
0.05,0.0768828,41.467904292090175
0.05,0.07848452500000001,43.22705239093618
0.05,0.08008625000000001,45.0306494348423
0.05,0.08168797500000001,46.88628551399165
0.05,0.08328970000000001,48.79009431674474
0.05,0.084891425,50.75212362154203
0.05,0.08649315,52.76863150492496
0.05,0.088094875,54.83367832979249
0.05,0.0896966,56.94883810038505
0.05,0.091298325,59.12701833567699
0.05,0.09290005,61.361005023874085
0.05,0.09450177500000001,63.640064846114626
0.05,0.09610350000000001,65.97740075903855
0.051,0.0320345,10.914859857295895
0.051,0.033636225,11.537594123204862
0.051,0.035237950000000004,12.184286106064715
0.051,0.036839675,12.856526054833271
0.051,0.0384414,13.554844982277697
0.051,0.040043125000000006,14.280855343289918
0.051,0.041644850000000004,15.039870900246928
0.051,0.043246575,15.829700518805819
0.051,0.0448483,16.652776073726688
0.051,0.046450025,17.511307149937007
0.051,0.048051750000000004,18.407150288297263
0.051,0.049653475,19.341646528130898
0.051,0.0512552,20.31706428074921
0.051,0.052856925,21.331870205631876
0.051,0.05445865,22.388787616454106
0.051,0.056060374999999996,23.488788524274366
0.051,0.0576621,24.632489174220918
0.051,0.059263825,25.820091811919507
0.051,0.060865550000000004,27.054731661151674
0.051,0.06246727500000001,28.332997007161087
0.051,0.064069,29.662121603416253
0.051,0.065670725,31.033449863316704
0.051,0.06727245,32.45503194034477
0.051,0.068874175,33.920900807903415
0.051,0.07047590000000001,35.4418391026732
0.051,0.072077625,37.00770520260735
0.051,0.07367935,38.62765018421367
0.051,0.075281075,40.29229764002781
0.051,0.0768828,42.00763530993683
0.051,0.07848452500000001,43.77673394857231
0.051,0.08008625000000001,45.59754050765209
0.051,0.08168797500000001,47.466657338019466
0.051,0.08328970000000001,49.393367583773895
0.051,0.084891425,51.366661318906985
0.051,0.08649315,53.396406225206576
0.051,0.088094875,55.48653939846521
0.051,0.0896966,57.6213762378467
0.051,0.091298325,59.81190296053867
0.051,0.09290005,62.05482845711727
0.051,0.09450177500000001,64.35795165448681
0.051,0.09610350000000001,66.71709040504199
0.052,0.0320345,11.125147721444913
0.052,0.033636225,11.758504808789839
0.052,0.035237950000000004,12.415535692210874
0.052,0.036839675,13.097441037721781
0.052,0.0384414,13.806645704677019
0.052,0.040043125000000006,14.545102526097368
0.052,0.041644850000000004,15.31398147386861
0.052,0.043246575,16.1150202281071
0.052,0.0448483,16.949180672754192
0.052,0.046450025,17.820836752338817
0.052,0.048051750000000004,18.727492381659093
0.052,0.049653475,19.675308449519452
0.052,0.0512552,20.66266116663179
0.052,0.052856925,21.68927181866596
0.052,0.05445865,22.75790667674683
0.052,0.056060374999999996,23.8719980143753
0.052,0.0576621,25.02505724139568
0.052,0.059263825,26.227680769069508
0.052,0.060865550000000004,27.475089584801207
0.052,0.06246727500000001,28.766815951438115
0.052,0.064069,30.106118713873414
0.052,0.065670725,31.49279445678223
0.052,0.06727245,32.926138259724695
0.052,0.068874175,34.40781563045636
0.052,0.07047590000000001,35.940067653085535
0.052,0.072077625,37.51851368710702
0.052,0.07367935,39.15272659566883
0.052,0.075281075,40.833873432623626
0.052,0.0768828,42.56356503410626
0.052,0.07848452500000001,44.34402097123539
0.052,0.08008625000000001,46.18409913467047
0.052,0.08168797500000001,48.06963702256627
0.052,0.08328970000000001,50.008744190627354
0.052,0.084891425,51.99696757345854
0.052,0.08649315,54.044682845323166
0.052,0.088094875,56.14719569864647
0.052,0.0896966,58.29729056804297
0.052,0.091298325,60.50645775859528
0.052,0.09290005,62.7661955270335
0.052,0.09450177500000001,65.08986289381184
0.052,0.09610350000000001,67.46020797839793
0.053,0.0320345,11.340438450273897
0.053,0.033636225,11.983698148714893
0.053,0.035237950000000004,12.650103083954434
0.053,0.036839675,13.34257643298508
0.053,0.0384414,14.062639992125359
0.053,0.040043125000000006,14.812166583017323
0.053,0.041644850000000004,15.59064366441266
0.053,0.043246575,16.40444127460395
0.053,0.0448483,17.251699658529123
0.053,0.046450025,18.134511237603807
0.053,0.048051750000000004,19.053315944298095
0.053,0.049653475,20.011799362508217
0.053,0.0512552,21.01104265065776
0.053,0.052856925,22.051346560529563
0.053,0.05445865,23.13198114239016
0.053,0.056060374999999996,24.255723840085995
0.053,0.0576621,25.4261197562747
0.053,0.059263825,26.638559052493317
0.053,0.060865550000000004,27.89557852981316
0.053,0.06246727500000001,29.204552779048843
0.053,0.064069,30.554443838216027
0.053,0.065670725,31.95216106959249
0.053,0.06727245,33.40264564866912
0.053,0.068874175,34.89780448084411
0.053,0.07047590000000001,36.445090057276
0.053,0.072077625,38.040600866672094
0.053,0.07367935,39.68230123670113
0.053,0.075281075,41.38051588445114
0.053,0.0768828,43.12520725495897
0.053,0.07848452500000001,44.92315324588495
0.053,0.08008625000000001,46.77192350526672
0.053,0.08168797500000001,48.674135968050024
0.053,0.08328970000000001,50.62597765481691
0.053,0.084891425,52.63718257383921
0.053,0.08649315,54.69545676652972
0.053,0.088094875,56.810780684596224
0.053,0.0896966,58.98648527905339
0.053,0.091298325,61.204725994149136
0.053,0.09290005,63.487548546587114
0.053,0.09450177500000001,65.82630780426068
0.053,0.09610350000000001,68.20846230827031
0.054,0.0320345,11.560173043933677
0.054,0.033636225,12.212478979715524
0.054,0.035237950000000004,12.890053740606888
0.054,0.036839675,13.592106525987042
0.054,0.0384414,14.323007931608291
0.054,0.040043125000000006,15.082164974051608
0.054,0.041644850000000004,15.873183080378197
0.054,0.043246575,16.69816646545476
0.054,0.0448483,17.55651158198641
0.054,0.046450025,18.45021696962963
0.054,0.048051750000000004,19.383578278658277
0.054,0.049653475,20.3528070850272
0.054,0.0512552,21.364100686001393
0.054,0.052856925,22.414523612757325
0.054,0.05445865,23.509113642112947
0.054,0.056060374999999996,24.647434551735287
0.054,0.0576621,25.82777345730789
0.054,0.059263825,27.052946687968962
0.054,0.060865550000000004,28.32672778552923
0.054,0.06246727500000001,29.642560343375482
0.054,0.064069,31.007301598106245
0.054,0.065670725,32.421352505607835
0.054,0.06727245,33.88473279508743
0.054,0.068874175,35.39103741204305
0.054,0.07047590000000001,36.95045218672166
0.054,0.072077625,38.563109742552385
0.054,0.07367935,40.22051400973981
0.054,0.075281075,41.92787944453132
0.054,0.0768828,43.692626712718784
0.054,0.07848452500000001,45.50335467049057
0.054,0.08008625000000001,47.36699256640695
0.054,0.08168797500000001,49.28667112714004
0.054,0.08328970000000001,51.25215576507894
0.054,0.084891425,53.2795097394595
0.054,0.08649315,55.35709272332056
0.054,0.088094875,57.48635725105683
0.054,0.0896966,59.66894603384536
0.054,0.091298325,61.917323736515186
0.054,0.09290005,64.21283802942247
0.054,0.09450177500000001,66.56715648411705
0.054,0.09610350000000001,68.96843186054791
0.055,0.0320345,11.783664019751642
0.055,0.033636225,12.445763825807008
0.055,0.035237950000000004,13.132555078952176
0.055,0.036839675,13.846121481902728
0.055,0.0384414,14.587842743264751
0.055,0.040043125000000006,15.358001152301913
0.055,0.041644850000000004,16.16014898314526
0.055,0.043246575,16.9963040775763
0.055,0.0448483,17.86573374219775
0.055,0.046450025,18.772715567322972
0.055,0.048051750000000004,19.71707045423136
0.055,0.049653475,20.69998312664087
0.055,0.0512552,21.721979544278376
0.055,0.052856925,22.786573746260252
0.055,0.05445865,23.89376103032416
0.055,0.056060374999999996,25.042435004044563
0.055,0.0576621,26.235588548382154
0.055,0.059263825,27.47404258632612
0.055,0.060865550000000004,28.758332303167887
0.055,0.06246727500000001,30.092523567576677
0.055,0.064069,31.469105522460556
0.055,0.065670725,32.89564880477983
0.055,0.06727245,34.36979084819508
0.055,0.068874175,35.893511135524534
0.055,0.07047590000000001,37.46608298062558
0.055,0.072077625,39.08609387812698
0.055,0.07367935,40.763319759196214
0.055,0.075281075,42.484839299796306
0.055,0.0768828,44.26091975840767
0.055,0.07848452500000001,46.089970708793516
0.055,0.08008625000000001,47.96919916291684
0.055,0.08168797500000001,49.90070510582489
0.055,0.08328970000000001,51.88709395859802
0.055,0.084891425,53.923886671104164
0.055,0.08649315,56.021028892621345
0.055,0.088094875,58.16458705341831
0.055,0.0896966,60.374114419535765
0.055,0.091298325,62.62791344143117
0.055,0.09290005,64.94187394734777
0.055,0.09450177500000001,67.31218564522892
0.055,0.09610350000000001,69.732971392446
0.056,0.0320345,12.01101920637275
0.056,0.033636225,12.683704114775804
0.056,0.035237950000000004,13.380683215528338
0.056,0.036839675,14.104781595397736
0.056,0.0384414,14.856019899731002
0.056,0.040043125000000006,15.638455668850677
0.056,0.041644850000000004,16.45172064580023
0.056,0.043246575,17.299041357770555
0.056,0.0448483,18.1816801747287
0.056,0.046450025,19.098709442617647
0.056,0.048051750000000004,20.055312981054655
0.056,0.049653475,21.049008158247194
0.056,0.0512552,22.084910422117332
0.056,0.052856925,23.160045608349733
0.056,0.05445865,24.27963610688696
0.056,0.056060374999999996,25.440922228822892
0.056,0.0576621,26.64981331895595
0.056,0.059263825,27.902093227588185
0.056,0.060865550000000004,29.197505244607754
0.056,0.06246727500000001,30.543056113908456
0.056,0.064069,31.935742422336926
0.056,0.065670725,33.375232677520344
0.056,0.06727245,34.860664469771905
0.056,0.068874175,36.39646631761312
0.056,0.07047590000000001,37.98552876953578
0.056,0.072077625,39.62422878670691
0.056,0.07367935,41.31083285658921
0.056,0.075281075,43.05144234818779
0.056,0.0768828,44.83990062841955
0.056,0.07848452500000001,46.68304361308406
0.056,0.08008625000000001,48.57273698668211
0.056,0.08168797500000001,50.52268496466236
0.056,0.08328970000000001,52.523792057275685
0.056,0.084891425,54.57792837889566
0.056,0.08649315,56.687298497390024
0.056,0.088094875,58.85442325575184
0.056,0.0896966,61.07240235216112
0.056,0.091298325,63.352358959343476
0.056,0.09290005,65.67459076697085
0.056,0.09450177500000001,68.06129963423545
0.056,0.09610350000000001,70.50858733675048
0.057,0.0320345,12.2431096109644
0.057,0.033636225,12.92550775733902
0.057,0.035237950000000004,13.632556286682973
0.057,0.036839675,14.367047317858944
0.057,0.0384414,15.130222665569764
0.057,0.040043125000000006,15.922173711920308
0.057,0.041644850000000004,16.748032611641523
0.057,0.043246575,17.60651959768491
0.057,0.0448483,18.500292041561202
0.057,0.046450025,19.429522648956993
0.057,0.048051750000000004,20.398470490785375
0.057,0.049653475,21.403049546125725
0.057,0.0512552,22.45132803312457
0.057,0.052856925,23.54091875535467
0.057,0.05445865,24.67124965118553
0.057,0.056060374999999996,25.845524078809444
0.057,0.0576621,27.065068131869264
0.057,0.059263825,28.331048158988448
0.057,0.060865550000000004,29.64094371719843
0.057,0.06246727500000001,30.998161766266858
0.057,0.064069,32.40300923015487
0.057,0.065670725,33.85540555222811
0.057,0.06727245,35.36014914937851
0.057,0.068874175,36.91188545856645
0.057,0.07047590000000001,38.50888312020343
0.057,0.072077625,40.16303544277317
0.057,0.07367935,41.863116388902164
0.057,0.075281075,43.6189031290851
0.057,0.0768828,45.42471074907582
0.057,0.07848452500000001,47.282570950592664
0.057,0.08008625000000001,49.18923955555075
0.057,0.08168797500000001,51.15254579667361
0.057,0.08328970000000001,53.1691773807773
0.057,0.084891425,55.24149682886953
0.057,0.08649315,57.36406557748557
0.057,0.088094875,59.54676060798987
0.057,0.0896966,61.783243240587915
0.057,0.091298325,64.07468614631712
0.057,0.09290005,66.42216499907671
0.057,0.09450177500000001,68.82655052835548
0.057,0.09610350000000001,71.28837871083326
0.058,0.0320345,12.480066717426045
0.058,0.033636225,13.172184597816473
0.058,0.035237950000000004,13.889303124581323
0.058,0.036839675,14.634182569874865
0.058,0.0384414,15.407997419483523
0.058,0.040043125000000006,16.212252783250598
0.058,0.041644850000000004,17.0475419238049
0.058,0.043246575,17.918906419793405
0.058,0.0448483,18.823834313094046
0.058,0.046450025,19.764110420064174
0.058,0.048051750000000004,20.743961458754686
0.058,0.049653475,21.763872106658155
0.058,0.0512552,22.823151842617957
0.058,0.052856925,23.925494334179458
0.058,0.05445865,25.068822463364615
0.058,0.056060374999999996,26.256465158029204
0.058,0.0576621,27.48989213156141
0.058,0.059263825,28.767314347963275
0.058,0.060865550000000004,30.088825637748844
0.058,0.06246727500000001,31.46192427238041
0.058,0.064069,32.8797487972238
0.058,0.065670725,34.34597892464059
0.058,0.06727245,35.860358327062045
0.058,0.068874175,37.428030362356964
0.058,0.07047590000000001,39.04283914378951
0.058,0.072077625,40.70626936818281
0.058,0.07367935,42.42027238884536
0.058,0.075281075,44.19172880408621
0.058,0.0768828,46.01060423611817
0.058,0.07848452500000001,47.883322683067746
0.058,0.08008625000000001,49.80711121210398
0.058,0.08168797500000001,51.78397562288379
0.058,0.08328970000000001,53.816335469279664
0.058,0.084891425,55.907034395761634
0.058,0.08649315,58.05120834114836
0.058,0.088094875,60.24161699199475
0.058,0.0896966,62.496858712831816
0.058,0.091298325,64.8105248644588
0.058,0.09290005,67.17308866836659
0.058,0.09450177500000001,69.5954804169838
0.058,0.09610350000000001,72.06573534449738
0.059,0.0320345,12.720343029839844
0.059,0.033636225,13.422907195220764
0.059,0.035237950000000004,14.151034500643364
0.059,0.036839675,14.906301547228567
0.059,0.0384414,15.690752858726292
0.059,0.040043125000000006,16.505826609220435
0.059,0.041644850000000004,17.353759098184035
0.059,0.043246575,18.234385158496305
0.059,0.0448483,19.152449730096563
0.059,0.046450025,20.106309217107665
0.059,0.048051750000000004,21.09745963666411
0.059,0.049653475,22.128529945896815
0.059,0.0512552,23.20055459358497
0.059,0.052856925,24.313898938311517
0.059,0.05445865,25.47253892463427
0.059,0.056060374999999996,26.671413725497445
0.059,0.0576621,27.91606115505617
0.059,0.059263825,29.2079255168329
0.059,0.060865550000000004,30.544810770682226
0.059,0.06246727500000001,31.92667576072996
0.059,0.064069,33.36176403932133
0.059,0.065670725,34.842259402336225
0.059,0.06727245,36.372132477844126
0.059,0.068874175,37.950943553035856
0.059,0.07047590000000001,39.57763799226333
0.059,0.072077625,41.257628893059064
0.059,0.07367935,42.99033010696467
0.059,0.075281075,44.76997035495903
0.059,0.0768828,46.60725451883208
0.059,0.07848452500000001,48.495876276500915
0.059,0.08008625000000001,50.432155699758304
0.059,0.08168797500000001,52.42956267498104
0.059,0.08328970000000001,54.47896969017562
0.059,0.084891425,56.5820013390455
0.059,0.08649315,58.732421873763634
0.059,0.088094875,60.94774898076167
0.059,0.0896966,63.21321874021756
0.059,0.091298325,65.5390319783817
0.059,0.09290005,67.92729475642173
0.059,0.09450177500000001,70.36800091997014
0.059,0.09610350000000001,72.86009595901129
0.06,0.0320345,12.966524196603498
0.06,0.033636225,13.678730703875368
0.06,0.035237950000000004,14.416829831561051
0.06,0.036839675,15.182348485321157
0.06,0.0384414,15.978654225786368
0.06,0.040043125000000006,16.804550320044203
0.06,0.041644850000000004,17.663431858726906
0.06,0.043246575,18.557020033391996
0.06,0.0448483,19.484100010817972
0.06,0.046450025,20.45137702936388
0.06,0.048051750000000004,21.453597512571694
0.06,0.049653475,22.497193720132802
0.06,0.0512552,23.583765240841185
0.06,0.052856925,24.710353126726595
0.06,0.05445865,25.878111631391594
0.06,0.056060374999999996,27.093101216449504
0.06,0.0576621,28.349398792084248
0.06,0.059263825,29.653081815128022
0.06,0.060865550000000004,31.002074419395303
0.06,0.06246727500000001,32.40044741868653
0.06,0.064069,33.84487654702535
0.06,0.065670725,35.33958394432631
0.06,0.06727245,36.884919730546656
0.06,0.068874175,38.474851610942025
0.06,0.07047590000000001,40.120003635740396
0.06,0.072077625,41.81363895504822
0.06,0.07367935,43.5614640442104
0.06,0.075281075,45.3537497010712
0.06,0.0768828,47.205154999668174
0.06,0.07848452500000001,49.104549838938375
0.06,0.08008625000000001,51.06443622859363
0.06,0.08168797500000001,53.07677470233756
0.06,0.08328970000000001,55.13658194040624
0.06,0.084891425,57.258975817519676
0.06,0.08649315,59.43204111451316
0.06,0.088094875,61.65634286176383
0.06,0.0896966,63.941814169674856
0.06,0.091298325,66.29109934097389
0.06,0.09290005,68.6847964033325
0.06,0.09450177500000001,71.14410567647015
0.06,0.09610350000000001,73.65829395275236
